{
    "CLI_version": "7.6.3",
    "branch": "master",
    "certora_ci_client": null,
    "conf": {
        "files": [
            "ERC20.sol"
        ],
        "process": "emv",
        "solc": "solc",
        "verify": "ERC20:ERC20.spec"
    },
    "conf_path": null,
    "cwd_relative": "src/certora",
    "dirty": true,
    "main_spec": "ERC20.spec",
    "origin": "https://github.com/ruthklirs/labs.git",
    "raw_args": [
        "/home/user/labs/certora-work/bin/certoraRun",
        "ERC20.sol",
        "--verify",
        "ERC20:ERC20.spec",
        "--solc",
        "solc"
    ],
    "revision": "563d58f6c431d5cc100438cb1af2e249d814352e",
    "timestamp": "1717922922.40108"
}